run_name,model,base_model,source,objective,train_examples,logged_step,logged_epoch,samples_seen,train_loss
mistral7b_judge_shared_lit_reason_verdict,Mistral-7B,mistralai/Mistral-7B-Instruct-v0.2,GT Lit,reason+verdict,3069,10,0.1,306.90000000000003,1.6
mistral7b_judge_shared_lit_reason_verdict,Mistral-7B,mistralai/Mistral-7B-Instruct-v0.2,GT Lit,reason+verdict,3069,20,0.21,644.49,0.5221
mistral7b_judge_shared_lit_reason_verdict,Mistral-7B,mistralai/Mistral-7B-Instruct-v0.2,GT Lit,reason+verdict,3069,30,0.31,951.39,0.4067
mistral7b_judge_shared_lit_reason_verdict,Mistral-7B,mistralai/Mistral-7B-Instruct-v0.2,GT Lit,reason+verdict,3069,40,0.42,1288.98,0.373
mistral7b_judge_shared_lit_reason_verdict,Mistral-7B,mistralai/Mistral-7B-Instruct-v0.2,GT Lit,reason+verdict,3069,50,0.52,1595.88,0.3597
mistral7b_judge_shared_lit_reason_verdict,Mistral-7B,mistralai/Mistral-7B-Instruct-v0.2,GT Lit,reason+verdict,3069,60,0.63,1933.47,0.3488
mistral7b_judge_shared_lit_reason_verdict,Mistral-7B,mistralai/Mistral-7B-Instruct-v0.2,GT Lit,reason+verdict,3069,70,0.73,2240.37,0.3437
mistral7b_judge_shared_lit_reason_verdict,Mistral-7B,mistralai/Mistral-7B-Instruct-v0.2,GT Lit,reason+verdict,3069,80,0.83,2547.27,0.3382
mistral7b_judge_shared_lit_reason_verdict,Mistral-7B,mistralai/Mistral-7B-Instruct-v0.2,GT Lit,reason+verdict,3069,90,0.94,2884.86,0.3362
mistral7b_judge_shared_lit_reason_verdict,Mistral-7B,mistralai/Mistral-7B-Instruct-v0.2,GT Lit,reason+verdict,3069,100,1.04,3191.76,0.3085
mistral7b_judge_shared_lit_reason_verdict,Mistral-7B,mistralai/Mistral-7B-Instruct-v0.2,GT Lit,reason+verdict,3069,110,1.15,3529.35,0.2777
mistral7b_judge_shared_lit_reason_verdict,Mistral-7B,mistralai/Mistral-7B-Instruct-v0.2,GT Lit,reason+verdict,3069,120,1.25,3836.25,0.2791
mistral7b_judge_shared_lit_reason_verdict,Mistral-7B,mistralai/Mistral-7B-Instruct-v0.2,GT Lit,reason+verdict,3069,130,1.35,4143.150000000001,0.2777
mistral7b_judge_shared_lit_reason_verdict,Mistral-7B,mistralai/Mistral-7B-Instruct-v0.2,GT Lit,reason+verdict,3069,140,1.46,4480.74,0.2805
mistral7b_judge_shared_lit_reason_verdict,Mistral-7B,mistralai/Mistral-7B-Instruct-v0.2,GT Lit,reason+verdict,3069,150,1.56,4787.64,0.2792
mistral7b_judge_shared_lit_reason_verdict,Mistral-7B,mistralai/Mistral-7B-Instruct-v0.2,GT Lit,reason+verdict,3069,160,1.67,5125.23,0.2741
mistral7b_judge_shared_lit_reason_verdict,Mistral-7B,mistralai/Mistral-7B-Instruct-v0.2,GT Lit,reason+verdict,3069,170,1.77,5432.13,0.2693
mistral7b_judge_shared_lit_reason_verdict,Mistral-7B,mistralai/Mistral-7B-Instruct-v0.2,GT Lit,reason+verdict,3069,180,1.88,5769.719999999999,0.2777
mistral7b_judge_shared_lit_reason_verdict,Mistral-7B,mistralai/Mistral-7B-Instruct-v0.2,GT Lit,reason+verdict,3069,190,1.98,6076.62,0.2741
mistral7b_judge_shared_lit_reason_verdict,Mistral-7B,mistralai/Mistral-7B-Instruct-v0.2,GT Lit,reason+verdict,3069,200,2.08,6383.52,0.2312
mistral7b_judge_shared_lit_reason_verdict,Mistral-7B,mistralai/Mistral-7B-Instruct-v0.2,GT Lit,reason+verdict,3069,210,2.19,6721.11,0.2192
mistral7b_judge_shared_lit_reason_verdict,Mistral-7B,mistralai/Mistral-7B-Instruct-v0.2,GT Lit,reason+verdict,3069,220,2.29,7028.01,0.219
mistral7b_judge_shared_lit_reason_verdict,Mistral-7B,mistralai/Mistral-7B-Instruct-v0.2,GT Lit,reason+verdict,3069,230,2.4,7365.599999999999,0.2113
mistral7b_judge_shared_lit_reason_verdict,Mistral-7B,mistralai/Mistral-7B-Instruct-v0.2,GT Lit,reason+verdict,3069,240,2.5,7672.5,0.2153
mistral7b_judge_shared_lit_reason_verdict,Mistral-7B,mistralai/Mistral-7B-Instruct-v0.2,GT Lit,reason+verdict,3069,250,2.6,7979.400000000001,0.2115
mistral7b_judge_shared_lit_reason_verdict,Mistral-7B,mistralai/Mistral-7B-Instruct-v0.2,GT Lit,reason+verdict,3069,260,2.71,8316.99,0.2121
mistral7b_judge_shared_lit_reason_verdict,Mistral-7B,mistralai/Mistral-7B-Instruct-v0.2,GT Lit,reason+verdict,3069,270,2.81,8623.89,0.2092
mistral7b_judge_shared_lit_reason_verdict,Mistral-7B,mistralai/Mistral-7B-Instruct-v0.2,GT Lit,reason+verdict,3069,280,2.92,8961.48,0.2114
mistral7b_judge_shared_synth_reason_verdict,Mistral-7B,mistralai/Mistral-7B-Instruct-v0.2,GT Synth,reason+verdict,3012,10,0.11,331.32,1.6238
mistral7b_judge_shared_synth_reason_verdict,Mistral-7B,mistralai/Mistral-7B-Instruct-v0.2,GT Synth,reason+verdict,3012,20,0.21,632.52,0.5822
mistral7b_judge_shared_synth_reason_verdict,Mistral-7B,mistralai/Mistral-7B-Instruct-v0.2,GT Synth,reason+verdict,3012,30,0.32,963.84,0.4465
mistral7b_judge_shared_synth_reason_verdict,Mistral-7B,mistralai/Mistral-7B-Instruct-v0.2,GT Synth,reason+verdict,3012,40,0.42,1265.04,0.4374
mistral7b_judge_shared_synth_reason_verdict,Mistral-7B,mistralai/Mistral-7B-Instruct-v0.2,GT Synth,reason+verdict,3012,50,0.53,1596.36,0.4108
mistral7b_judge_shared_synth_reason_verdict,Mistral-7B,mistralai/Mistral-7B-Instruct-v0.2,GT Synth,reason+verdict,3012,60,0.64,1927.68,0.3905
mistral7b_judge_shared_synth_reason_verdict,Mistral-7B,mistralai/Mistral-7B-Instruct-v0.2,GT Synth,reason+verdict,3012,70,0.74,2228.88,0.3759
mistral7b_judge_shared_synth_reason_verdict,Mistral-7B,mistralai/Mistral-7B-Instruct-v0.2,GT Synth,reason+verdict,3012,80,0.85,2560.2,0.3645
mistral7b_judge_shared_synth_reason_verdict,Mistral-7B,mistralai/Mistral-7B-Instruct-v0.2,GT Synth,reason+verdict,3012,90,0.96,2891.52,0.36
mistral7b_judge_shared_synth_reason_verdict,Mistral-7B,mistralai/Mistral-7B-Instruct-v0.2,GT Synth,reason+verdict,3012,100,1.05,3162.6,0.3333
mistral7b_judge_shared_synth_reason_verdict,Mistral-7B,mistralai/Mistral-7B-Instruct-v0.2,GT Synth,reason+verdict,3012,110,1.16,3493.92,0.2938
mistral7b_judge_shared_synth_reason_verdict,Mistral-7B,mistralai/Mistral-7B-Instruct-v0.2,GT Synth,reason+verdict,3012,120,1.27,3825.24,0.287
mistral7b_judge_shared_synth_reason_verdict,Mistral-7B,mistralai/Mistral-7B-Instruct-v0.2,GT Synth,reason+verdict,3012,130,1.37,4126.4400000000005,0.279
mistral7b_judge_shared_synth_reason_verdict,Mistral-7B,mistralai/Mistral-7B-Instruct-v0.2,GT Synth,reason+verdict,3012,140,1.48,4457.76,0.2751
mistral7b_judge_shared_synth_reason_verdict,Mistral-7B,mistralai/Mistral-7B-Instruct-v0.2,GT Synth,reason+verdict,3012,150,1.58,4758.96,0.2676
mistral7b_judge_shared_synth_reason_verdict,Mistral-7B,mistralai/Mistral-7B-Instruct-v0.2,GT Synth,reason+verdict,3012,160,1.69,5090.28,0.2804
mistral7b_judge_shared_synth_reason_verdict,Mistral-7B,mistralai/Mistral-7B-Instruct-v0.2,GT Synth,reason+verdict,3012,170,1.8,5421.6,0.2655
mistral7b_judge_shared_synth_reason_verdict,Mistral-7B,mistralai/Mistral-7B-Instruct-v0.2,GT Synth,reason+verdict,3012,180,1.9,5722.8,0.2715
mistral7b_judge_shared_synth_reason_verdict,Mistral-7B,mistralai/Mistral-7B-Instruct-v0.2,GT Synth,reason+verdict,3012,190,2.0,6024.0,0.2552
mistral7b_judge_shared_synth_reason_verdict,Mistral-7B,mistralai/Mistral-7B-Instruct-v0.2,GT Synth,reason+verdict,3012,200,2.11,6355.32,0.1901
mistral7b_judge_shared_synth_reason_verdict,Mistral-7B,mistralai/Mistral-7B-Instruct-v0.2,GT Synth,reason+verdict,3012,210,2.21,6656.52,0.1833
mistral7b_judge_shared_synth_reason_verdict,Mistral-7B,mistralai/Mistral-7B-Instruct-v0.2,GT Synth,reason+verdict,3012,220,2.32,6987.839999999999,0.1785
mistral7b_judge_shared_synth_reason_verdict,Mistral-7B,mistralai/Mistral-7B-Instruct-v0.2,GT Synth,reason+verdict,3012,230,2.42,7289.04,0.1774
mistral7b_judge_shared_synth_reason_verdict,Mistral-7B,mistralai/Mistral-7B-Instruct-v0.2,GT Synth,reason+verdict,3012,240,2.53,7620.36,0.1797
mistral7b_judge_shared_synth_reason_verdict,Mistral-7B,mistralai/Mistral-7B-Instruct-v0.2,GT Synth,reason+verdict,3012,250,2.64,7951.68,0.175
mistral7b_judge_shared_synth_reason_verdict,Mistral-7B,mistralai/Mistral-7B-Instruct-v0.2,GT Synth,reason+verdict,3012,260,2.74,8252.880000000001,0.1701
mistral7b_judge_shared_synth_reason_verdict,Mistral-7B,mistralai/Mistral-7B-Instruct-v0.2,GT Synth,reason+verdict,3012,270,2.85,8584.2,0.1736
mistral7b_judge_shared_synth_reason_verdict,Mistral-7B,mistralai/Mistral-7B-Instruct-v0.2,GT Synth,reason+verdict,3012,280,2.96,8915.52,0.1735
qwen3_14b_judge_shared_lit_reason_verdict,Qwen3-14B,Qwen/Qwen3-14B,GT Lit,reason+verdict,3069,10,0.1,306.90000000000003,1.9492
qwen3_14b_judge_shared_lit_reason_verdict,Qwen3-14B,Qwen/Qwen3-14B,GT Lit,reason+verdict,3069,20,0.21,644.49,0.9125
qwen3_14b_judge_shared_lit_reason_verdict,Qwen3-14B,Qwen/Qwen3-14B,GT Lit,reason+verdict,3069,30,0.31,951.39,0.7289
qwen3_14b_judge_shared_lit_reason_verdict,Qwen3-14B,Qwen/Qwen3-14B,GT Lit,reason+verdict,3069,40,0.42,1288.98,0.6622
qwen3_14b_judge_shared_lit_reason_verdict,Qwen3-14B,Qwen/Qwen3-14B,GT Lit,reason+verdict,3069,50,0.52,1595.88,0.6366
qwen3_14b_judge_shared_lit_reason_verdict,Qwen3-14B,Qwen/Qwen3-14B,GT Lit,reason+verdict,3069,60,0.63,1933.47,0.6135
qwen3_14b_judge_shared_lit_reason_verdict,Qwen3-14B,Qwen/Qwen3-14B,GT Lit,reason+verdict,3069,70,0.73,2240.37,0.6106
qwen3_14b_judge_shared_lit_reason_verdict,Qwen3-14B,Qwen/Qwen3-14B,GT Lit,reason+verdict,3069,80,0.83,2547.27,0.5965
qwen3_14b_judge_shared_lit_reason_verdict,Qwen3-14B,Qwen/Qwen3-14B,GT Lit,reason+verdict,3069,90,0.94,2884.86,0.5839
qwen3_14b_judge_shared_lit_reason_verdict,Qwen3-14B,Qwen/Qwen3-14B,GT Lit,reason+verdict,3069,100,1.04,3191.76,0.5564
qwen3_14b_judge_shared_lit_reason_verdict,Qwen3-14B,Qwen/Qwen3-14B,GT Lit,reason+verdict,3069,110,1.15,3529.35,0.5394
qwen3_14b_judge_shared_lit_reason_verdict,Qwen3-14B,Qwen/Qwen3-14B,GT Lit,reason+verdict,3069,120,1.25,3836.25,0.5275
qwen3_14b_judge_shared_lit_reason_verdict,Qwen3-14B,Qwen/Qwen3-14B,GT Lit,reason+verdict,3069,130,1.35,4143.150000000001,0.5222
qwen3_14b_judge_shared_lit_reason_verdict,Qwen3-14B,Qwen/Qwen3-14B,GT Lit,reason+verdict,3069,140,1.46,4480.74,0.5381
qwen3_14b_judge_shared_lit_reason_verdict,Qwen3-14B,Qwen/Qwen3-14B,GT Lit,reason+verdict,3069,150,1.56,4787.64,0.5324
qwen3_14b_judge_shared_lit_reason_verdict,Qwen3-14B,Qwen/Qwen3-14B,GT Lit,reason+verdict,3069,160,1.67,5125.23,0.5229
qwen3_14b_judge_shared_lit_reason_verdict,Qwen3-14B,Qwen/Qwen3-14B,GT Lit,reason+verdict,3069,170,1.77,5432.13,0.5122
qwen3_14b_judge_shared_lit_reason_verdict,Qwen3-14B,Qwen/Qwen3-14B,GT Lit,reason+verdict,3069,180,1.88,5769.719999999999,0.5248
qwen3_14b_judge_shared_lit_reason_verdict,Qwen3-14B,Qwen/Qwen3-14B,GT Lit,reason+verdict,3069,190,1.98,6076.62,0.5196
qwen3_14b_judge_shared_lit_reason_verdict,Qwen3-14B,Qwen/Qwen3-14B,GT Lit,reason+verdict,3069,200,2.08,6383.52,0.4772
qwen3_14b_judge_shared_lit_reason_verdict,Qwen3-14B,Qwen/Qwen3-14B,GT Lit,reason+verdict,3069,210,2.19,6721.11,0.4712
qwen3_14b_judge_shared_lit_reason_verdict,Qwen3-14B,Qwen/Qwen3-14B,GT Lit,reason+verdict,3069,220,2.29,7028.01,0.4682
qwen3_14b_judge_shared_lit_reason_verdict,Qwen3-14B,Qwen/Qwen3-14B,GT Lit,reason+verdict,3069,230,2.4,7365.599999999999,0.4515
qwen3_14b_judge_shared_lit_reason_verdict,Qwen3-14B,Qwen/Qwen3-14B,GT Lit,reason+verdict,3069,240,2.5,7672.5,0.4658
qwen3_14b_judge_shared_lit_reason_verdict,Qwen3-14B,Qwen/Qwen3-14B,GT Lit,reason+verdict,3069,250,2.6,7979.400000000001,0.4553
qwen3_14b_judge_shared_lit_reason_verdict,Qwen3-14B,Qwen/Qwen3-14B,GT Lit,reason+verdict,3069,260,2.71,8316.99,0.4652
qwen3_14b_judge_shared_lit_reason_verdict,Qwen3-14B,Qwen/Qwen3-14B,GT Lit,reason+verdict,3069,270,2.81,8623.89,0.4534
qwen3_14b_judge_shared_lit_reason_verdict,Qwen3-14B,Qwen/Qwen3-14B,GT Lit,reason+verdict,3069,280,2.92,8961.48,0.4567
qwen3_14b_judge_shared_synth_reason_verdict,Qwen3-14B,Qwen/Qwen3-14B,GT Synth,reason+verdict,3012,10,0.11,331.32,1.9681
qwen3_14b_judge_shared_synth_reason_verdict,Qwen3-14B,Qwen/Qwen3-14B,GT Synth,reason+verdict,3012,20,0.21,632.52,0.9536
qwen3_14b_judge_shared_synth_reason_verdict,Qwen3-14B,Qwen/Qwen3-14B,GT Synth,reason+verdict,3012,30,0.32,963.84,0.7705
qwen3_14b_judge_shared_synth_reason_verdict,Qwen3-14B,Qwen/Qwen3-14B,GT Synth,reason+verdict,3012,40,0.42,1265.04,0.7281
qwen3_14b_judge_shared_synth_reason_verdict,Qwen3-14B,Qwen/Qwen3-14B,GT Synth,reason+verdict,3012,50,0.53,1596.36,0.6911
qwen3_14b_judge_shared_synth_reason_verdict,Qwen3-14B,Qwen/Qwen3-14B,GT Synth,reason+verdict,3012,60,0.64,1927.68,0.6583
qwen3_14b_judge_shared_synth_reason_verdict,Qwen3-14B,Qwen/Qwen3-14B,GT Synth,reason+verdict,3012,70,0.74,2228.88,0.6393
qwen3_14b_judge_shared_synth_reason_verdict,Qwen3-14B,Qwen/Qwen3-14B,GT Synth,reason+verdict,3012,10,0.8,2409.6,1.6358
qwen3_14b_judge_shared_synth_reason_verdict,Qwen3-14B,Qwen/Qwen3-14B,GT Synth,reason+verdict,3012,80,0.85,2560.2,0.6315
qwen3_14b_judge_shared_synth_reason_verdict,Qwen3-14B,Qwen/Qwen3-14B,GT Synth,reason+verdict,3012,90,0.96,2891.52,0.6247
qwen3_14b_judge_shared_synth_reason_verdict,Qwen3-14B,Qwen/Qwen3-14B,GT Synth,reason+verdict,3012,100,1.05,3162.6,0.6041
qwen3_14b_judge_shared_synth_reason_verdict,Qwen3-14B,Qwen/Qwen3-14B,GT Synth,reason+verdict,3012,110,1.16,3493.92,0.5698
qwen3_14b_judge_shared_synth_reason_verdict,Qwen3-14B,Qwen/Qwen3-14B,GT Synth,reason+verdict,3012,120,1.27,3825.24,0.5601
qwen3_14b_judge_shared_synth_reason_verdict,Qwen3-14B,Qwen/Qwen3-14B,GT Synth,reason+verdict,3012,130,1.37,4126.4400000000005,0.562
qwen3_14b_judge_shared_synth_reason_verdict,Qwen3-14B,Qwen/Qwen3-14B,GT Synth,reason+verdict,3012,140,1.48,4457.76,0.5548
qwen3_14b_judge_shared_synth_reason_verdict,Qwen3-14B,Qwen/Qwen3-14B,GT Synth,reason+verdict,3012,150,1.58,4758.96,0.5457
qwen3_14b_judge_shared_synth_reason_verdict,Qwen3-14B,Qwen/Qwen3-14B,GT Synth,reason+verdict,3012,160,1.69,5090.28,0.5545
qwen3_14b_judge_shared_synth_reason_verdict,Qwen3-14B,Qwen/Qwen3-14B,GT Synth,reason+verdict,3012,170,1.8,5421.6,0.5405
qwen3_14b_judge_shared_synth_reason_verdict,Qwen3-14B,Qwen/Qwen3-14B,GT Synth,reason+verdict,3012,180,1.9,5722.8,0.5531
qwen3_14b_judge_shared_synth_reason_verdict,Qwen3-14B,Qwen/Qwen3-14B,GT Synth,reason+verdict,3012,190,2.0,6024.0,0.5224
qwen3_14b_judge_shared_synth_reason_verdict,Qwen3-14B,Qwen/Qwen3-14B,GT Synth,reason+verdict,3012,200,2.11,6355.32,0.4786
qwen3_14b_judge_shared_synth_reason_verdict,Qwen3-14B,Qwen/Qwen3-14B,GT Synth,reason+verdict,3012,210,2.21,6656.52,0.4666
qwen3_14b_judge_shared_synth_reason_verdict,Qwen3-14B,Qwen/Qwen3-14B,GT Synth,reason+verdict,3012,220,2.32,6987.839999999999,0.4629
qwen3_14b_judge_shared_synth_reason_verdict,Qwen3-14B,Qwen/Qwen3-14B,GT Synth,reason+verdict,3012,230,2.42,7289.04,0.4682
qwen3_14b_judge_shared_synth_reason_verdict,Qwen3-14B,Qwen/Qwen3-14B,GT Synth,reason+verdict,3012,240,2.53,7620.36,0.4738
qwen3_14b_judge_shared_synth_reason_verdict,Qwen3-14B,Qwen/Qwen3-14B,GT Synth,reason+verdict,3012,250,2.64,7951.68,0.4637
qwen3_14b_judge_shared_synth_reason_verdict,Qwen3-14B,Qwen/Qwen3-14B,GT Synth,reason+verdict,3012,260,2.74,8252.880000000001,0.4559
qwen3_14b_judge_shared_synth_reason_verdict,Qwen3-14B,Qwen/Qwen3-14B,GT Synth,reason+verdict,3012,270,2.85,8584.2,0.4556
qwen3_14b_judge_shared_synth_reason_verdict,Qwen3-14B,Qwen/Qwen3-14B,GT Synth,reason+verdict,3012,280,2.96,8915.52,0.4746
qwen3_235b_judge_shared_synth_reason_verdict,Qwen3-235B,Qwen/Qwen3-235B-A22B,GT Synth,reason+verdict,50,10,0.8,40.0,1.3961
qwen3_32b_judge_shared_lit_reason_verdict,Qwen3-32B,Qwen/Qwen3-32B,GT Lit,reason+verdict,3069,10,0.1,306.90000000000003,1.6
qwen3_32b_judge_shared_lit_reason_verdict,Qwen3-32B,Qwen/Qwen3-32B,GT Lit,reason+verdict,3069,20,0.21,644.49,0.8584
qwen3_32b_judge_shared_lit_reason_verdict,Qwen3-32B,Qwen/Qwen3-32B,GT Lit,reason+verdict,3069,30,0.31,951.39,0.6981
qwen3_32b_judge_shared_lit_reason_verdict,Qwen3-32B,Qwen/Qwen3-32B,GT Lit,reason+verdict,3069,40,0.42,1288.98,0.6369
qwen3_32b_judge_shared_lit_reason_verdict,Qwen3-32B,Qwen/Qwen3-32B,GT Lit,reason+verdict,3069,50,0.52,1595.88,0.6184
qwen3_32b_judge_shared_lit_reason_verdict,Qwen3-32B,Qwen/Qwen3-32B,GT Lit,reason+verdict,3069,60,0.63,1933.47,0.5987
qwen3_32b_judge_shared_lit_reason_verdict,Qwen3-32B,Qwen/Qwen3-32B,GT Lit,reason+verdict,3069,70,0.73,2240.37,0.5992
qwen3_32b_judge_shared_lit_reason_verdict,Qwen3-32B,Qwen/Qwen3-32B,GT Lit,reason+verdict,3069,80,0.83,2547.27,0.5829
qwen3_32b_judge_shared_lit_reason_verdict,Qwen3-32B,Qwen/Qwen3-32B,GT Lit,reason+verdict,3069,90,0.94,2884.86,0.5733
qwen3_32b_judge_shared_lit_reason_verdict,Qwen3-32B,Qwen/Qwen3-32B,GT Lit,reason+verdict,3069,100,1.04,3191.76,0.5425
qwen3_32b_judge_shared_lit_reason_verdict,Qwen3-32B,Qwen/Qwen3-32B,GT Lit,reason+verdict,3069,110,1.15,3529.35,0.5228
qwen3_32b_judge_shared_lit_reason_verdict,Qwen3-32B,Qwen/Qwen3-32B,GT Lit,reason+verdict,3069,120,1.25,3836.25,0.512
qwen3_32b_judge_shared_lit_reason_verdict,Qwen3-32B,Qwen/Qwen3-32B,GT Lit,reason+verdict,3069,130,1.35,4143.150000000001,0.511
qwen3_32b_judge_shared_lit_reason_verdict,Qwen3-32B,Qwen/Qwen3-32B,GT Lit,reason+verdict,3069,140,1.46,4480.74,0.5236
qwen3_32b_judge_shared_lit_reason_verdict,Qwen3-32B,Qwen/Qwen3-32B,GT Lit,reason+verdict,3069,150,1.56,4787.64,0.5145
qwen3_32b_judge_shared_lit_reason_verdict,Qwen3-32B,Qwen/Qwen3-32B,GT Lit,reason+verdict,3069,160,1.67,5125.23,0.5095
qwen3_32b_judge_shared_lit_reason_verdict,Qwen3-32B,Qwen/Qwen3-32B,GT Lit,reason+verdict,3069,170,1.77,5432.13,0.4977
qwen3_32b_judge_shared_lit_reason_verdict,Qwen3-32B,Qwen/Qwen3-32B,GT Lit,reason+verdict,3069,180,1.88,5769.719999999999,0.5099
qwen3_32b_judge_shared_lit_reason_verdict,Qwen3-32B,Qwen/Qwen3-32B,GT Lit,reason+verdict,3069,190,1.98,6076.62,0.5036
qwen3_32b_judge_shared_lit_reason_verdict,Qwen3-32B,Qwen/Qwen3-32B,GT Lit,reason+verdict,3069,200,2.08,6383.52,0.4575
qwen3_32b_judge_shared_lit_reason_verdict,Qwen3-32B,Qwen/Qwen3-32B,GT Lit,reason+verdict,3069,210,2.19,6721.11,0.448
qwen3_32b_judge_shared_lit_reason_verdict,Qwen3-32B,Qwen/Qwen3-32B,GT Lit,reason+verdict,3069,220,2.29,7028.01,0.4447
qwen3_32b_judge_shared_lit_reason_verdict,Qwen3-32B,Qwen/Qwen3-32B,GT Lit,reason+verdict,3069,230,2.4,7365.599999999999,0.4275
qwen3_32b_judge_shared_lit_reason_verdict,Qwen3-32B,Qwen/Qwen3-32B,GT Lit,reason+verdict,3069,240,2.5,7672.5,0.4399
qwen3_32b_judge_shared_lit_reason_verdict,Qwen3-32B,Qwen/Qwen3-32B,GT Lit,reason+verdict,3069,250,2.6,7979.400000000001,0.4305
qwen3_32b_judge_shared_lit_reason_verdict,Qwen3-32B,Qwen/Qwen3-32B,GT Lit,reason+verdict,3069,260,2.71,8316.99,0.4377
qwen3_32b_judge_shared_lit_reason_verdict,Qwen3-32B,Qwen/Qwen3-32B,GT Lit,reason+verdict,3069,270,2.81,8623.89,0.4274
qwen3_32b_judge_shared_lit_reason_verdict,Qwen3-32B,Qwen/Qwen3-32B,GT Lit,reason+verdict,3069,280,2.92,8961.48,0.4318
qwen3_32b_judge_shared_synth_reason_verdict,Qwen3-32B,Qwen/Qwen3-32B,GT Synth,reason+verdict,3012,10,0.11,331.32,1.6103
qwen3_32b_judge_shared_synth_reason_verdict,Qwen3-32B,Qwen/Qwen3-32B,GT Synth,reason+verdict,3012,20,0.21,632.52,0.8839
qwen3_32b_judge_shared_synth_reason_verdict,Qwen3-32B,Qwen/Qwen3-32B,GT Synth,reason+verdict,3012,30,0.32,963.84,0.7363
qwen3_32b_judge_shared_synth_reason_verdict,Qwen3-32B,Qwen/Qwen3-32B,GT Synth,reason+verdict,3012,40,0.42,1265.04,0.7031
qwen3_32b_judge_shared_synth_reason_verdict,Qwen3-32B,Qwen/Qwen3-32B,GT Synth,reason+verdict,3012,50,0.53,1596.36,0.6651
qwen3_32b_judge_shared_synth_reason_verdict,Qwen3-32B,Qwen/Qwen3-32B,GT Synth,reason+verdict,3012,60,0.64,1927.68,0.639
qwen3_32b_judge_shared_synth_reason_verdict,Qwen3-32B,Qwen/Qwen3-32B,GT Synth,reason+verdict,3012,70,0.74,2228.88,0.6194
qwen3_32b_judge_shared_synth_reason_verdict,Qwen3-32B,Qwen/Qwen3-32B,GT Synth,reason+verdict,3012,10,0.8,2409.6,1.4366
qwen3_32b_judge_shared_synth_reason_verdict,Qwen3-32B,Qwen/Qwen3-32B,GT Synth,reason+verdict,3012,80,0.85,2560.2,0.618
qwen3_32b_judge_shared_synth_reason_verdict,Qwen3-32B,Qwen/Qwen3-32B,GT Synth,reason+verdict,3012,90,0.96,2891.52,0.606
qwen3_32b_judge_shared_synth_reason_verdict,Qwen3-32B,Qwen/Qwen3-32B,GT Synth,reason+verdict,3012,100,1.05,3162.6,0.5917
qwen3_32b_judge_shared_synth_reason_verdict,Qwen3-32B,Qwen/Qwen3-32B,GT Synth,reason+verdict,3012,110,1.16,3493.92,0.5506
qwen3_32b_judge_shared_synth_reason_verdict,Qwen3-32B,Qwen/Qwen3-32B,GT Synth,reason+verdict,3012,120,1.27,3825.24,0.5391
qwen3_32b_judge_shared_synth_reason_verdict,Qwen3-32B,Qwen/Qwen3-32B,GT Synth,reason+verdict,3012,130,1.37,4126.4400000000005,0.5395
qwen3_32b_judge_shared_synth_reason_verdict,Qwen3-32B,Qwen/Qwen3-32B,GT Synth,reason+verdict,3012,140,1.48,4457.76,0.5365
qwen3_32b_judge_shared_synth_reason_verdict,Qwen3-32B,Qwen/Qwen3-32B,GT Synth,reason+verdict,3012,150,1.58,4758.96,0.5267
qwen3_32b_judge_shared_synth_reason_verdict,Qwen3-32B,Qwen/Qwen3-32B,GT Synth,reason+verdict,3012,160,1.69,5090.28,0.5295
qwen3_32b_judge_shared_synth_reason_verdict,Qwen3-32B,Qwen/Qwen3-32B,GT Synth,reason+verdict,3012,170,1.8,5421.6,0.5216
qwen3_32b_judge_shared_synth_reason_verdict,Qwen3-32B,Qwen/Qwen3-32B,GT Synth,reason+verdict,3012,180,1.9,5722.8,0.5314
qwen3_32b_judge_shared_synth_reason_verdict,Qwen3-32B,Qwen/Qwen3-32B,GT Synth,reason+verdict,3012,190,2.0,6024.0,0.5011
qwen3_32b_judge_shared_synth_reason_verdict,Qwen3-32B,Qwen/Qwen3-32B,GT Synth,reason+verdict,3012,200,2.11,6355.32,0.4422
qwen3_32b_judge_shared_synth_reason_verdict,Qwen3-32B,Qwen/Qwen3-32B,GT Synth,reason+verdict,3012,210,2.21,6656.52,0.4349
qwen3_32b_judge_shared_synth_reason_verdict,Qwen3-32B,Qwen/Qwen3-32B,GT Synth,reason+verdict,3012,220,2.32,6987.839999999999,0.4293
qwen3_32b_judge_shared_synth_reason_verdict,Qwen3-32B,Qwen/Qwen3-32B,GT Synth,reason+verdict,3012,230,2.42,7289.04,0.4311
qwen3_32b_judge_shared_synth_reason_verdict,Qwen3-32B,Qwen/Qwen3-32B,GT Synth,reason+verdict,3012,240,2.53,7620.36,0.4369
qwen3_32b_judge_shared_synth_reason_verdict,Qwen3-32B,Qwen/Qwen3-32B,GT Synth,reason+verdict,3012,250,2.64,7951.68,0.4293
qwen3_32b_judge_shared_synth_reason_verdict,Qwen3-32B,Qwen/Qwen3-32B,GT Synth,reason+verdict,3012,260,2.74,8252.880000000001,0.418
qwen3_32b_judge_shared_synth_reason_verdict,Qwen3-32B,Qwen/Qwen3-32B,GT Synth,reason+verdict,3012,270,2.85,8584.2,0.4206
qwen3_32b_judge_shared_synth_reason_verdict,Qwen3-32B,Qwen/Qwen3-32B,GT Synth,reason+verdict,3012,280,2.96,8915.52,0.4346
mistral7b_judge_shared_lit_verdict_only,Mistral-7B,mistralai/Mistral-7B-Instruct-v0.2,GT Lit,verdict-only,3009,10,0.11,330.99,1.5514
mistral7b_judge_shared_lit_verdict_only,Mistral-7B,mistralai/Mistral-7B-Instruct-v0.2,GT Lit,verdict-only,3009,20,0.21,631.89,0.3545
mistral7b_judge_shared_lit_verdict_only,Mistral-7B,mistralai/Mistral-7B-Instruct-v0.2,GT Lit,verdict-only,3009,30,0.32,962.88,0.2421
mistral7b_judge_shared_lit_verdict_only,Mistral-7B,mistralai/Mistral-7B-Instruct-v0.2,GT Lit,verdict-only,3009,40,0.43,1293.87,0.2204
mistral7b_judge_shared_lit_verdict_only,Mistral-7B,mistralai/Mistral-7B-Instruct-v0.2,GT Lit,verdict-only,3009,50,0.53,1594.77,0.2096
mistral7b_judge_shared_lit_verdict_only,Mistral-7B,mistralai/Mistral-7B-Instruct-v0.2,GT Lit,verdict-only,3009,60,0.64,1925.76,0.2131
mistral7b_judge_shared_lit_verdict_only,Mistral-7B,mistralai/Mistral-7B-Instruct-v0.2,GT Lit,verdict-only,3009,70,0.74,2226.66,0.2049
mistral7b_judge_shared_lit_verdict_only,Mistral-7B,mistralai/Mistral-7B-Instruct-v0.2,GT Lit,verdict-only,3009,80,0.85,2557.65,0.2022
mistral7b_judge_shared_lit_verdict_only,Mistral-7B,mistralai/Mistral-7B-Instruct-v0.2,GT Lit,verdict-only,3009,90,0.96,2888.64,0.1896
mistral7b_judge_shared_lit_verdict_only,Mistral-7B,mistralai/Mistral-7B-Instruct-v0.2,GT Lit,verdict-only,3009,100,1.05,3159.4500000000003,0.1733
mistral7b_judge_shared_lit_verdict_only,Mistral-7B,mistralai/Mistral-7B-Instruct-v0.2,GT Lit,verdict-only,3009,110,1.16,3490.44,0.165
mistral7b_judge_shared_lit_verdict_only,Mistral-7B,mistralai/Mistral-7B-Instruct-v0.2,GT Lit,verdict-only,3009,120,1.27,3821.43,0.1642
mistral7b_judge_shared_lit_verdict_only,Mistral-7B,mistralai/Mistral-7B-Instruct-v0.2,GT Lit,verdict-only,3009,130,1.37,4122.33,0.1628
mistral7b_judge_shared_lit_verdict_only,Mistral-7B,mistralai/Mistral-7B-Instruct-v0.2,GT Lit,verdict-only,3009,140,1.48,4453.32,0.1597
mistral7b_judge_shared_lit_verdict_only,Mistral-7B,mistralai/Mistral-7B-Instruct-v0.2,GT Lit,verdict-only,3009,150,1.58,4754.22,0.1679
mistral7b_judge_shared_lit_verdict_only,Mistral-7B,mistralai/Mistral-7B-Instruct-v0.2,GT Lit,verdict-only,3009,160,1.69,5085.21,0.1605
mistral7b_judge_shared_lit_verdict_only,Mistral-7B,mistralai/Mistral-7B-Instruct-v0.2,GT Lit,verdict-only,3009,170,1.8,5416.2,0.1571
mistral7b_judge_shared_lit_verdict_only,Mistral-7B,mistralai/Mistral-7B-Instruct-v0.2,GT Lit,verdict-only,3009,180,1.9,5717.099999999999,0.154
mistral7b_judge_shared_lit_verdict_only,Mistral-7B,mistralai/Mistral-7B-Instruct-v0.2,GT Lit,verdict-only,3009,190,2.0,6018.0,0.1549
mistral7b_judge_shared_lit_verdict_only,Mistral-7B,mistralai/Mistral-7B-Instruct-v0.2,GT Lit,verdict-only,3009,200,2.11,6348.99,0.1305
mistral7b_judge_shared_lit_verdict_only,Mistral-7B,mistralai/Mistral-7B-Instruct-v0.2,GT Lit,verdict-only,3009,210,2.21,6649.89,0.1204
mistral7b_judge_shared_lit_verdict_only,Mistral-7B,mistralai/Mistral-7B-Instruct-v0.2,GT Lit,verdict-only,3009,220,2.32,6980.879999999999,0.1246
mistral7b_judge_shared_lit_verdict_only,Mistral-7B,mistralai/Mistral-7B-Instruct-v0.2,GT Lit,verdict-only,3009,230,2.43,7311.870000000001,0.1237
mistral7b_judge_shared_lit_verdict_only,Mistral-7B,mistralai/Mistral-7B-Instruct-v0.2,GT Lit,verdict-only,3009,240,2.53,7612.769999999999,0.1234
mistral7b_judge_shared_lit_verdict_only,Mistral-7B,mistralai/Mistral-7B-Instruct-v0.2,GT Lit,verdict-only,3009,250,2.64,7943.76,0.1237
mistral7b_judge_shared_lit_verdict_only,Mistral-7B,mistralai/Mistral-7B-Instruct-v0.2,GT Lit,verdict-only,3009,260,2.74,8244.66,0.1227
mistral7b_judge_shared_lit_verdict_only,Mistral-7B,mistralai/Mistral-7B-Instruct-v0.2,GT Lit,verdict-only,3009,270,2.85,8575.65,0.1217
mistral7b_judge_shared_lit_verdict_only,Mistral-7B,mistralai/Mistral-7B-Instruct-v0.2,GT Lit,verdict-only,3009,280,2.96,8906.64,0.1196
mistral7b_judge_shared_synth_verdict_only,Mistral-7B,mistralai/Mistral-7B-Instruct-v0.2,GT Synth,verdict-only,1656,10,0.19,314.64,1.4145
mistral7b_judge_shared_synth_verdict_only,Mistral-7B,mistralai/Mistral-7B-Instruct-v0.2,GT Synth,verdict-only,1656,20,0.39,645.84,0.4036
mistral7b_judge_shared_synth_verdict_only,Mistral-7B,mistralai/Mistral-7B-Instruct-v0.2,GT Synth,verdict-only,1656,30,0.58,960.48,0.3266
mistral7b_judge_shared_synth_verdict_only,Mistral-7B,mistralai/Mistral-7B-Instruct-v0.2,GT Synth,verdict-only,1656,40,0.77,1275.12,0.3048
mistral7b_judge_shared_synth_verdict_only,Mistral-7B,mistralai/Mistral-7B-Instruct-v0.2,GT Synth,verdict-only,1656,50,0.97,1606.32,0.2988
mistral7b_judge_shared_synth_verdict_only,Mistral-7B,mistralai/Mistral-7B-Instruct-v0.2,GT Synth,verdict-only,1656,60,1.15,1904.4,0.227
mistral7b_judge_shared_synth_verdict_only,Mistral-7B,mistralai/Mistral-7B-Instruct-v0.2,GT Synth,verdict-only,1656,70,1.35,2235.6000000000004,0.2183
mistral7b_judge_shared_synth_verdict_only,Mistral-7B,mistralai/Mistral-7B-Instruct-v0.2,GT Synth,verdict-only,1656,80,1.54,2550.24,0.2106
mistral7b_judge_shared_synth_verdict_only,Mistral-7B,mistralai/Mistral-7B-Instruct-v0.2,GT Synth,verdict-only,1656,90,1.73,2864.88,0.2161
mistral7b_judge_shared_synth_verdict_only,Mistral-7B,mistralai/Mistral-7B-Instruct-v0.2,GT Synth,verdict-only,1656,100,1.93,3196.08,0.1933
mistral7b_judge_shared_synth_verdict_only,Mistral-7B,mistralai/Mistral-7B-Instruct-v0.2,GT Synth,verdict-only,1656,110,2.12,3510.7200000000003,0.168
mistral7b_judge_shared_synth_verdict_only,Mistral-7B,mistralai/Mistral-7B-Instruct-v0.2,GT Synth,verdict-only,1656,120,2.31,3825.36,0.1237
mistral7b_judge_shared_synth_verdict_only,Mistral-7B,mistralai/Mistral-7B-Instruct-v0.2,GT Synth,verdict-only,1656,130,2.5,4140.0,0.1281
mistral7b_judge_shared_synth_verdict_only,Mistral-7B,mistralai/Mistral-7B-Instruct-v0.2,GT Synth,verdict-only,1656,140,2.7,4471.200000000001,0.1238
mistral7b_judge_shared_synth_verdict_only,Mistral-7B,mistralai/Mistral-7B-Instruct-v0.2,GT Synth,verdict-only,1656,150,2.89,4785.84,0.121
qwen3_14b_judge_shared_lit_verdict_only,Qwen3-14B,Qwen/Qwen3-14B,GT Lit,verdict-only,3009,10,0.11,330.99,1.3825
qwen3_14b_judge_shared_lit_verdict_only,Qwen3-14B,Qwen/Qwen3-14B,GT Lit,verdict-only,3009,20,0.21,631.89,0.0297
qwen3_14b_judge_shared_lit_verdict_only,Qwen3-14B,Qwen/Qwen3-14B,GT Lit,verdict-only,3009,30,0.32,962.88,0.0291
qwen3_14b_judge_shared_lit_verdict_only,Qwen3-14B,Qwen/Qwen3-14B,GT Lit,verdict-only,3009,40,0.43,1293.87,0.0281
qwen3_14b_judge_shared_lit_verdict_only,Qwen3-14B,Qwen/Qwen3-14B,GT Lit,verdict-only,3009,50,0.53,1594.77,0.0237
qwen3_14b_judge_shared_lit_verdict_only,Qwen3-14B,Qwen/Qwen3-14B,GT Lit,verdict-only,3009,60,0.64,1925.76,0.0282
qwen3_14b_judge_shared_lit_verdict_only,Qwen3-14B,Qwen/Qwen3-14B,GT Lit,verdict-only,3009,70,0.74,2226.66,0.0206
qwen3_14b_judge_shared_lit_verdict_only,Qwen3-14B,Qwen/Qwen3-14B,GT Lit,verdict-only,3009,80,0.85,2557.65,0.0262
qwen3_14b_judge_shared_lit_verdict_only,Qwen3-14B,Qwen/Qwen3-14B,GT Lit,verdict-only,3009,90,0.96,2888.64,0.0208
qwen3_14b_judge_shared_lit_verdict_only,Qwen3-14B,Qwen/Qwen3-14B,GT Lit,verdict-only,3009,100,1.05,3159.4500000000003,0.0212
qwen3_14b_judge_shared_lit_verdict_only,Qwen3-14B,Qwen/Qwen3-14B,GT Lit,verdict-only,3009,110,1.16,3490.44,0.0248
qwen3_14b_judge_shared_lit_verdict_only,Qwen3-14B,Qwen/Qwen3-14B,GT Lit,verdict-only,3009,120,1.27,3821.43,0.0156
qwen3_14b_judge_shared_lit_verdict_only,Qwen3-14B,Qwen/Qwen3-14B,GT Lit,verdict-only,3009,130,1.37,4122.33,0.0208
qwen3_14b_judge_shared_lit_verdict_only,Qwen3-14B,Qwen/Qwen3-14B,GT Lit,verdict-only,3009,140,1.48,4453.32,0.0182
qwen3_14b_judge_shared_lit_verdict_only,Qwen3-14B,Qwen/Qwen3-14B,GT Lit,verdict-only,3009,150,1.58,4754.22,0.0189
qwen3_14b_judge_shared_lit_verdict_only,Qwen3-14B,Qwen/Qwen3-14B,GT Lit,verdict-only,3009,160,1.69,5085.21,0.0157
qwen3_14b_judge_shared_lit_verdict_only,Qwen3-14B,Qwen/Qwen3-14B,GT Lit,verdict-only,3009,170,1.8,5416.2,0.0167
qwen3_14b_judge_shared_lit_verdict_only,Qwen3-14B,Qwen/Qwen3-14B,GT Lit,verdict-only,3009,180,1.9,5717.099999999999,0.0145
qwen3_14b_judge_shared_lit_verdict_only,Qwen3-14B,Qwen/Qwen3-14B,GT Lit,verdict-only,3009,190,2.0,6018.0,0.0283
qwen3_14b_judge_shared_lit_verdict_only,Qwen3-14B,Qwen/Qwen3-14B,GT Lit,verdict-only,3009,200,2.11,6348.99,0.0282
qwen3_14b_judge_shared_lit_verdict_only,Qwen3-14B,Qwen/Qwen3-14B,GT Lit,verdict-only,3009,210,2.21,6649.89,0.0155
qwen3_14b_judge_shared_lit_verdict_only,Qwen3-14B,Qwen/Qwen3-14B,GT Lit,verdict-only,3009,220,2.32,6980.879999999999,0.0128
qwen3_14b_judge_shared_lit_verdict_only,Qwen3-14B,Qwen/Qwen3-14B,GT Lit,verdict-only,3009,230,2.43,7311.870000000001,0.0071
qwen3_14b_judge_shared_lit_verdict_only,Qwen3-14B,Qwen/Qwen3-14B,GT Lit,verdict-only,3009,240,2.53,7612.769999999999,0.014
qwen3_14b_judge_shared_lit_verdict_only,Qwen3-14B,Qwen/Qwen3-14B,GT Lit,verdict-only,3009,250,2.64,7943.76,0.014
qwen3_14b_judge_shared_lit_verdict_only,Qwen3-14B,Qwen/Qwen3-14B,GT Lit,verdict-only,3009,260,2.74,8244.66,0.0125
qwen3_14b_judge_shared_lit_verdict_only,Qwen3-14B,Qwen/Qwen3-14B,GT Lit,verdict-only,3009,270,2.85,8575.65,0.0085
qwen3_14b_judge_shared_lit_verdict_only,Qwen3-14B,Qwen/Qwen3-14B,GT Lit,verdict-only,3009,280,2.96,8906.64,0.0104
qwen3_14b_judge_shared_synth_verdict_only,Qwen3-14B,Qwen/Qwen3-14B,GT Synth,verdict-only,1656,10,0.19,314.64,1.3253
qwen3_14b_judge_shared_synth_verdict_only,Qwen3-14B,Qwen/Qwen3-14B,GT Synth,verdict-only,1656,20,0.39,645.84,0.0422
qwen3_14b_judge_shared_synth_verdict_only,Qwen3-14B,Qwen/Qwen3-14B,GT Synth,verdict-only,1656,30,0.58,960.48,0.0415
qwen3_14b_judge_shared_synth_verdict_only,Qwen3-14B,Qwen/Qwen3-14B,GT Synth,verdict-only,1656,40,0.77,1275.12,0.0299
qwen3_14b_judge_shared_synth_verdict_only,Qwen3-14B,Qwen/Qwen3-14B,GT Synth,verdict-only,1656,50,0.97,1606.32,0.0359
qwen3_14b_judge_shared_synth_verdict_only,Qwen3-14B,Qwen/Qwen3-14B,GT Synth,verdict-only,1656,60,1.15,1904.4,0.0216
qwen3_14b_judge_shared_synth_verdict_only,Qwen3-14B,Qwen/Qwen3-14B,GT Synth,verdict-only,1656,70,1.35,2235.6000000000004,0.0295
qwen3_14b_judge_shared_synth_verdict_only,Qwen3-14B,Qwen/Qwen3-14B,GT Synth,verdict-only,1656,80,1.54,2550.24,0.0182
qwen3_14b_judge_shared_synth_verdict_only,Qwen3-14B,Qwen/Qwen3-14B,GT Synth,verdict-only,1656,90,1.73,2864.88,0.0232
qwen3_14b_judge_shared_synth_verdict_only,Qwen3-14B,Qwen/Qwen3-14B,GT Synth,verdict-only,1656,100,1.93,3196.08,0.0192
qwen3_14b_judge_shared_synth_verdict_only,Qwen3-14B,Qwen/Qwen3-14B,GT Synth,verdict-only,1656,110,2.12,3510.7200000000003,0.0187
qwen3_14b_judge_shared_synth_verdict_only,Qwen3-14B,Qwen/Qwen3-14B,GT Synth,verdict-only,1656,120,2.31,3825.36,0.0151
qwen3_14b_judge_shared_synth_verdict_only,Qwen3-14B,Qwen/Qwen3-14B,GT Synth,verdict-only,1656,130,2.5,4140.0,0.0111
qwen3_14b_judge_shared_synth_verdict_only,Qwen3-14B,Qwen/Qwen3-14B,GT Synth,verdict-only,1656,140,2.7,4471.200000000001,0.013
qwen3_14b_judge_shared_synth_verdict_only,Qwen3-14B,Qwen/Qwen3-14B,GT Synth,verdict-only,1656,150,2.89,4785.84,0.0126
qwen3_32b_judge_shared_lit_verdict_only,Qwen3-32B,Qwen/Qwen3-32B,GT Lit,verdict-only,3009,10,0.11,330.99,1.2861
qwen3_32b_judge_shared_lit_verdict_only,Qwen3-32B,Qwen/Qwen3-32B,GT Lit,verdict-only,3009,20,0.21,631.89,0.0216
qwen3_32b_judge_shared_lit_verdict_only,Qwen3-32B,Qwen/Qwen3-32B,GT Lit,verdict-only,3009,30,0.32,962.88,0.0236
qwen3_32b_judge_shared_lit_verdict_only,Qwen3-32B,Qwen/Qwen3-32B,GT Lit,verdict-only,3009,40,0.43,1293.87,0.0246
qwen3_32b_judge_shared_lit_verdict_only,Qwen3-32B,Qwen/Qwen3-32B,GT Lit,verdict-only,3009,50,0.53,1594.77,0.0221
qwen3_32b_judge_shared_lit_verdict_only,Qwen3-32B,Qwen/Qwen3-32B,GT Lit,verdict-only,3009,60,0.64,1925.76,0.0273
qwen3_32b_judge_shared_lit_verdict_only,Qwen3-32B,Qwen/Qwen3-32B,GT Lit,verdict-only,3009,70,0.74,2226.66,0.0196
qwen3_32b_judge_shared_lit_verdict_only,Qwen3-32B,Qwen/Qwen3-32B,GT Lit,verdict-only,3009,80,0.85,2557.65,0.0256
qwen3_32b_judge_shared_lit_verdict_only,Qwen3-32B,Qwen/Qwen3-32B,GT Lit,verdict-only,3009,90,0.96,2888.64,0.0227
qwen3_32b_judge_shared_lit_verdict_only,Qwen3-32B,Qwen/Qwen3-32B,GT Lit,verdict-only,3009,100,1.05,3159.4500000000003,0.0218
qwen3_32b_judge_shared_lit_verdict_only,Qwen3-32B,Qwen/Qwen3-32B,GT Lit,verdict-only,3009,110,1.16,3490.44,0.0222
qwen3_32b_judge_shared_lit_verdict_only,Qwen3-32B,Qwen/Qwen3-32B,GT Lit,verdict-only,3009,120,1.27,3821.43,0.0161
qwen3_32b_judge_shared_lit_verdict_only,Qwen3-32B,Qwen/Qwen3-32B,GT Lit,verdict-only,3009,130,1.37,4122.33,0.019
qwen3_32b_judge_shared_lit_verdict_only,Qwen3-32B,Qwen/Qwen3-32B,GT Lit,verdict-only,3009,140,1.48,4453.32,0.0162
qwen3_32b_judge_shared_lit_verdict_only,Qwen3-32B,Qwen/Qwen3-32B,GT Lit,verdict-only,3009,150,1.58,4754.22,0.0192
qwen3_32b_judge_shared_lit_verdict_only,Qwen3-32B,Qwen/Qwen3-32B,GT Lit,verdict-only,3009,160,1.69,5085.21,0.0138
qwen3_32b_judge_shared_lit_verdict_only,Qwen3-32B,Qwen/Qwen3-32B,GT Lit,verdict-only,3009,170,1.8,5416.2,0.015
qwen3_32b_judge_shared_lit_verdict_only,Qwen3-32B,Qwen/Qwen3-32B,GT Lit,verdict-only,3009,180,1.9,5717.099999999999,0.0113
qwen3_32b_judge_shared_lit_verdict_only,Qwen3-32B,Qwen/Qwen3-32B,GT Lit,verdict-only,3009,190,2.0,6018.0,0.0211
qwen3_32b_judge_shared_lit_verdict_only,Qwen3-32B,Qwen/Qwen3-32B,GT Lit,verdict-only,3009,200,2.11,6348.99,0.0207
qwen3_32b_judge_shared_lit_verdict_only,Qwen3-32B,Qwen/Qwen3-32B,GT Lit,verdict-only,3009,210,2.21,6649.89,0.0137
qwen3_32b_judge_shared_lit_verdict_only,Qwen3-32B,Qwen/Qwen3-32B,GT Lit,verdict-only,3009,220,2.32,6980.879999999999,0.0091
qwen3_32b_judge_shared_lit_verdict_only,Qwen3-32B,Qwen/Qwen3-32B,GT Lit,verdict-only,3009,230,2.43,7311.870000000001,0.0063
qwen3_32b_judge_shared_lit_verdict_only,Qwen3-32B,Qwen/Qwen3-32B,GT Lit,verdict-only,3009,240,2.53,7612.769999999999,0.0114
qwen3_32b_judge_shared_lit_verdict_only,Qwen3-32B,Qwen/Qwen3-32B,GT Lit,verdict-only,3009,250,2.64,7943.76,0.0106
qwen3_32b_judge_shared_lit_verdict_only,Qwen3-32B,Qwen/Qwen3-32B,GT Lit,verdict-only,3009,260,2.74,8244.66,0.0095
qwen3_32b_judge_shared_lit_verdict_only,Qwen3-32B,Qwen/Qwen3-32B,GT Lit,verdict-only,3009,270,2.85,8575.65,0.0057
qwen3_32b_judge_shared_lit_verdict_only,Qwen3-32B,Qwen/Qwen3-32B,GT Lit,verdict-only,3009,280,2.96,8906.64,0.0078
qwen3_32b_judge_shared_synth_verdict_only,Qwen3-32B,Qwen/Qwen3-32B,GT Synth,verdict-only,1656,10,0.19,314.64,1.19
qwen3_32b_judge_shared_synth_verdict_only,Qwen3-32B,Qwen/Qwen3-32B,GT Synth,verdict-only,1656,20,0.39,645.84,0.0367
qwen3_32b_judge_shared_synth_verdict_only,Qwen3-32B,Qwen/Qwen3-32B,GT Synth,verdict-only,1656,30,0.58,960.48,0.0356
qwen3_32b_judge_shared_synth_verdict_only,Qwen3-32B,Qwen/Qwen3-32B,GT Synth,verdict-only,1656,40,0.77,1275.12,0.025
qwen3_32b_judge_shared_synth_verdict_only,Qwen3-32B,Qwen/Qwen3-32B,GT Synth,verdict-only,1656,50,0.97,1606.32,0.0334
qwen3_32b_judge_shared_synth_verdict_only,Qwen3-32B,Qwen/Qwen3-32B,GT Synth,verdict-only,1656,60,1.15,1904.4,0.0191
qwen3_32b_judge_shared_synth_verdict_only,Qwen3-32B,Qwen/Qwen3-32B,GT Synth,verdict-only,1656,70,1.35,2235.6000000000004,0.0325
qwen3_32b_judge_shared_synth_verdict_only,Qwen3-32B,Qwen/Qwen3-32B,GT Synth,verdict-only,1656,80,1.54,2550.24,0.0188
qwen3_32b_judge_shared_synth_verdict_only,Qwen3-32B,Qwen/Qwen3-32B,GT Synth,verdict-only,1656,90,1.73,2864.88,0.022
qwen3_32b_judge_shared_synth_verdict_only,Qwen3-32B,Qwen/Qwen3-32B,GT Synth,verdict-only,1656,100,1.93,3196.08,0.0171
qwen3_32b_judge_shared_synth_verdict_only,Qwen3-32B,Qwen/Qwen3-32B,GT Synth,verdict-only,1656,110,2.12,3510.7200000000003,0.0186
qwen3_32b_judge_shared_synth_verdict_only,Qwen3-32B,Qwen/Qwen3-32B,GT Synth,verdict-only,1656,120,2.31,3825.36,0.0153
qwen3_32b_judge_shared_synth_verdict_only,Qwen3-32B,Qwen/Qwen3-32B,GT Synth,verdict-only,1656,130,2.5,4140.0,0.0124
qwen3_32b_judge_shared_synth_verdict_only,Qwen3-32B,Qwen/Qwen3-32B,GT Synth,verdict-only,1656,140,2.7,4471.200000000001,0.0129
qwen3_32b_judge_shared_synth_verdict_only,Qwen3-32B,Qwen/Qwen3-32B,GT Synth,verdict-only,1656,150,2.89,4785.84,0.0112
cld_qwen3_235b_shared_lit_vo_21019837,Qwen3-235B (prelim),Qwen/Qwen3-235B-A22B,GT Lit,verdict-only,3009,10,0.11,330.99,0.5649
cld_qwen3_235b_shared_lit_vo_21019837,Qwen3-235B (prelim),Qwen/Qwen3-235B-A22B,GT Lit,verdict-only,3009,20,0.21,631.89,0.0229
